"","Flr_sample","value_rfu","short_id","SampleID","vol_Etoh","run","Notes","vol_tile","vol_scrub","DATE","WEIR-REP","notes","subs"
"1","SAMPLE-008",81.91,1,"CH190001",10,"run1",NA,10,20,2019-04-29,"W1-T",NA,"T"
"2","SAMPLE-009",284.07,2,"CH190002",20,"run1",NA,10,20,2019-04-29,"W1-M",NA,"M"
"3","SAMPLE-010",18.07,3,"CH190003",10,"run1",NA,10,20,2019-04-29,"W2-T",NA,"T"
"4","AMPLE-011",88.47,4,"CH190004",20,"run1",NA,10,20,2019-04-29,"W2-M",NA,"M"
"5","SAMPLE-012",105.27,5,"CH190005",10,"run1",NA,10,20,2019-04-29,"W3-T",NA,"T"
"6","SAMPLE-013",279.11,6,"CH190006",20,"run1",NA,10,20,2019-04-29,"W3-M",NA,"M"
"7","SAMPLE-014",112.91,7,"CH190007",10,"run1",NA,10,20,2019-04-29,"W4-T",NA,"T"
"8","SAMPLE-015",587.57,8,"CH190008",20,"run1",NA,10,20,2019-04-29,"W4-M",NA,"M"
"9","SAMPLE-016",40.11,9,"CH190009",10,"run1",NA,10,20,2019-04-29,"W5-T",NA,"T"
"10","SAMPLE-017",286.54,10,"CH190010",20,"run1",NA,10,20,2019-04-29,"W5-M",NA,"M"
"11","SAMPLE-018",213.86,11,"CH190011",10,"run1",NA,10,20,2019-04-29,"W6-T",NA,"T"
"12","SAMPLE-019",114.86,12,"CH190012",20,"run1",NA,10,20,2019-04-29,"W6-M",NA,"M"
"13","SAMPLE-020",81.05,15,"CH190015",10,"run1",NA,10,20,2019-05-06,"W1-T",NA,"T"
"14","SAMPLE-021",245.43,16,"CH190016",20,"run1",NA,10,20,2019-05-06,"W1-M",NA,"M"
"15","SAMPLE-022",1884.83,17,"CH190017",10,"run1",NA,10,20,2019-05-06,"W2-T",NA,"T"
"16","SAMPLE-023",152.34,18,"CH190018",20,"run1",NA,10,20,2019-05-06,"W2-M",NA,"M"
"17","SAMPLE-024",31.23,19,"CH190019",10,"run1",NA,10,20,2019-05-06,"W3-T",NA,"T"
"18","SAMPLE-025",391.9,20,"CH190020",20,"run1",NA,10,20,2019-05-06,"W3-M",NA,"M"
"19","SAMPLE-026",91.25,21,"CH190021",10,"run1",NA,10,20,2019-05-06,"W4-T",NA,"T"
"20","SAMPLE-027",820.75,22,"CH190022",20,"run1",NA,10,20,2019-05-06,"W4-M",NA,"M"
"21","SAMPLE-028",17.53,23,"CH190023",10,"run1",NA,10,20,2019-05-06,"W5-T",NA,"T"
"22","SAMPLE-029",447.1,24,"CH190024",20,"run1",NA,10,20,2019-05-06,"W5-M",NA,"M"
"23","SAMPLE-030",64.34,25,"CH190025",10,"run1",NA,10,20,2019-05-06,"W6-T",NA,"T"
"24","AMPLE-031",305.76,26,"CH190026",20,"run1",NA,10,20,2019-05-06,"W6-M",NA,"M"
"25","SAMPLE-032",142.29,29,"CH190029",10,"run1",NA,10,20,2019-05-13,"W1-T",NA,"T"
"26","SAMPLE-033",737.74,30,"CH190030",20,"run1",NA,10,20,2019-05-13,"W1-M",NA,"M"
"27","SAMPLE-034",37.94,31,"CH190031",10,"run1",NA,10,20,2019-05-13,"W2-T",NA,"T"
"28","SAMPLE-035",219.26,32,"CH190032",20,"run1",NA,10,20,2019-05-13,"W2-M",NA,"M"
"29","SAMPLE-036",13.7,33,"CH190033",10,"run1",NA,10,20,2019-05-13,"W3-T",NA,"T"
"30","SAMPLE-037",460.78,34,"CH190034",20,"run1",NA,10,20,2019-05-13,"W3-M",NA,"M"
"31","SAMPLE-038",178.35,35,"CH190035",10,"run1",NA,10,20,2019-05-13,"W4-T",NA,"T"
"32","SAMPLE-039",1268.42,36,"CH190036",20,"run1",NA,10,20,2019-05-13,"W4-M",NA,"M"
"33","SAMPLE-040",51.51,37,"CH190037",10,"run1",NA,10,20,2019-05-13,"W5-T",NA,"T"
"34","SAMPLE-041",716.06,38,"CH190038",20,"run1",NA,10,20,2019-05-13,"W5-M",NA,"M"
"35","SAMPLE-042",268.04,39,"CH190039",10,"run1",NA,10,20,2019-05-13,"W6-T",NA,"T"
"36","SAMPLE-043",1080,40,"CH190040",20,"run1",NA,10,20,2019-05-13,"W6-M",NA,"M"
"37","SAMPLE-044",82.5,41,"CH190041",10,"run1",NA,10,20,2019-05-13,"W9-T",NA,"T"
"38","SAMPLE-045",463.03,42,"CH190042",20,"run1",NA,10,20,2019-05-13,"W9-M",NA,"M"
"39","SAMPLE-046",96.92,43,"CH190043",10,"run1",NA,10,20,2019-05-21,"W1-T",NA,"T"
"40","SAMPLE-047",823.67,44,"CH190044",20,"run1",NA,10,20,2019-05-21,"W1-M",NA,"M"
"41","SAMPLE-048",157.43,45,"CH190045",10,"run1",NA,10,20,2019-05-21,"W2-T",NA,"T"
"42","SAMPLE-049",208.74,46,"CH190046",20,"run1",NA,10,20,2019-05-21,"W2-M",NA,"M"
"43","SAMPLE-050",26.66,47,"CH190047",10,"run1",NA,10,20,2019-05-21,"W3-T",NA,"T"
"44","SAMPLE-051",2233.48,48,"CH190048",20,"run1",NA,10,20,2019-05-21,"W3-M",NA,"M"
"45","SAMPLE-052",169.01,49,"CH190049",10,"run1",NA,10,20,2019-05-21,"W4-T",NA,"T"
"46","SAMPLE-053",1163.86,50,"CH190050",20,"run1",NA,10,20,2019-05-21,"W4-M",NA,"M"
"47","SAMPLE-054",55.43,51,"CH190051",10,"run1",NA,10,20,2019-05-21,"W5-T",NA,"T"
"48","SAMPLE-055",915.13,52,"CH190052",20,"run1",NA,10,20,2019-05-21,"W5-M",NA,"M"
"49","SAMPLE-056",235.16,53,"CH190053",10,"run1",NA,10,20,2019-05-21,"W6-T",NA,"T"
"50","SAMPLE-057",1440.14,54,"CH190054",20,"run1",NA,10,20,2019-05-21,"W6-M",NA,"M"
"51","SAMPLE-058",92.53,55,"CH190055",10,"run1",NA,10,20,2019-05-21,"W9-T",NA,"T"
"52","SAMPLE-059",700.3,56,"CH190056",20,"run1",NA,10,20,2019-05-21,"W9-M",NA,"M"
"53","SAMPLE-060",567.8,57,"CH190057",10,"run1",NA,10,20,2019-05-28,"W1-T",NA,"T"
"54","SAMPLE-061",2365.46,58,"CH190058",20,"run1",NA,10,20,2019-05-28,"W1-M",NA,"M"
"55","SAMPLE-062",140.77,59,"CH190059",10,"run1",NA,10,20,2019-05-28,"W2-T",NA,"T"
"56","SAMPLE-063",437.43,60,"CH190060",20,"run1",NA,10,20,2019-05-28,"W2-M",NA,"M"
"57","SAMPLE-064",312.3,61,"CH190061",10,"run1",NA,10,20,2019-05-28,"W3-T",NA,"T"
"58","SAMPLE-065",4126.33,62,"CH190062",20,"run1",NA,10,20,2019-05-28,"W3-M",NA,"M"
"59","SAMPLE-066",388.46,63,"CH190063",10,"run1",NA,10,20,2019-05-28,"W4-T",NA,"T"
"60","SAMPLE-067",1488.5,64,"CH190064",20,"run1",NA,10,20,2019-05-28,"W4-M",NA,"M"
"61","SAMPLE-068",68.53,65,"CH190065",10,"run1",NA,10,20,2019-05-28,"W5-T",NA,"T"
"62","SAMPLE-069",1458.24,66,"CH190066",20,"run1",NA,10,20,2019-05-28,"W5-M",NA,"M"
"63","SAMPLE-070",628.57,67,"CH190067",10,"run1",NA,10,20,2019-05-28,"W6-T",NA,"T"
"64","SAMPLE-071",2389.19,68,"CH190068",20,"run1",NA,10,20,2019-05-28,"W6-M",NA,"M"
"65","SAMPLE-072",469.57,69,"CH190069",10,"run1",NA,10,20,2019-05-28,"W9-T",NA,"T"
"66","SAMPLE-073",2364.69,70,"CH190070",20,"run1",NA,10,20,2019-05-28,"W9-M",NA,"M"
"67","SAMPLE-078",1169.57,71,"CH190071",10,"run2",NA,10,20,2019-06-02,"W1-T",NA,"T"
"68","SAMPLE-079",2732.37,72,"CH190072",20,"run2",NA,10,20,2019-06-02,"W1-M",NA,"M"
"69","SAMPLE-080",191.3,73,"CH190073",10,"run2",NA,10,20,2019-06-02,"W2-T",NA,"T"
"70","SAMPLE-081",955.19,74,"CH190074",20,"run2",NA,10,20,2019-06-02,"W2-M",NA,"M"
"71","SAMPLE-082",457.06,75,"CH190075",10,"run2",NA,10,20,2019-06-02,"W3-T",NA,"T"
"72","SAMPLE-083",4828.51,76,"CH190076",20,"run2",NA,10,20,2019-06-02,"W3-M",NA,"M"
"73","SAMPLE-084",303.84,77,"CH190077",10,"run2",NA,10,20,2019-06-02,"W4-T",NA,"T"
"74","SAMPLE-085",1550.27,78,"CH190078",20,"run2",NA,10,20,2019-06-02,"W4-M",NA,"M"
"75","SAMPLE-086",111.08,79,"CH190079",10,"run2",NA,10,20,2019-06-02,"W5-T",NA,"T"
"76","SAMPLE-087",2031.51,80,"CH190080",20,"run2",NA,10,20,2019-06-02,"W5-M",NA,"M"
"77","SAMPLE-088",405.56,81,"CH190081",10,"run2",NA,10,20,2019-06-02,"W6-T",NA,"T"
"78","SAMPLE-089",4372.68,82,"CH190082",20,"run2",NA,10,20,2019-06-02,"W6-M",NA,"M"
"79","SAMPLE-090",518.89,83,"CH190083",10,"run2",NA,10,20,2019-06-02,"W9-T",NA,"T"
"80","SAMPLE-091",2724.51,84,"CH190084",20,"run2",NA,10,20,2019-06-02,"W9-M",NA,"M"
"81","SAMPLE-092",1336.91,85,"CH190085",10,"run2",NA,10,20,2019-06-10,"W1-T",NA,"T"
"82","SAMPLE-093",3282.71,86,"CH190086",20,"run2",NA,10,20,2019-06-10,"W1-M",NA,"M"
"83","SAMPLE-094",238.73,87,"CH190087",10,"run2",NA,10,20,2019-06-10,"W2-T",NA,"T"
"84","SAMPLE-095",1371.16,88,"CH190088",20,"run2",NA,10,20,2019-06-10,"W2-M",NA,"M"
"85","SAMPLE-096",758.01,89,"CH190089",10,"run2",NA,10,20,2019-06-10,"W3-T",NA,"T"
"86","SAMPLE-097",5199.57,90,"CH190090",20,"run2",NA,10,20,2019-06-10,"W3-M",NA,"M"
"87","SAMPLE-098",589.53,91,"CH190091",10,"run2",NA,10,20,2019-06-10,"W4-T",NA,"T"
"88","SAMPLE-099",2345.7,92,"CH190092",20,"run2",NA,10,20,2019-06-10,"W4-M",NA,"M"
"89","SAMPLE-100",213.53,93,"CH190093",10,"run2",NA,10,20,2019-06-10,"W5-T",NA,"T"
"90","SAMPLE-101",1909.34,94,"CH190094",20,"run2",NA,10,20,2019-06-10,"W5-M",NA,"M"
"91","SAMPLE-102",304.44,95,"CH190095",10,"run2",NA,10,20,2019-06-10,"W6-T",NA,"T"
"92","SAMPLE-103",3046.5,96,"CH190096",20,"run2",NA,10,20,2019-06-10,"W6-M",NA,"M"
"93","SAMPLE-104",367.34,97,"CH190097",10,"run2",NA,10,20,2019-06-10,"W9-T",NA,"T"
"94","SAMPLE-105",1713.22,98,"CH190098",20,"run2",NA,10,20,2019-06-10,"W9-M",NA,"M"
"95","SAMPLE-106",1201.82,99,"CH190099",10,"run2",NA,10,20,2019-06-17,"W1-T",NA,"T"
"96","SAMPLE-107",4013.93,100,"CH190100",20,"run2",NA,10,20,2019-06-17,"W1-M",NA,"M"
"97","SAMPLE-108",331.52,101,"CH190101",10,"run2",NA,10,20,2019-06-17,"W2-T",NA,"T"
"98","SAMPLE-109",1783.8,102,"CH190102",20,"run2",NA,10,20,2019-06-17,"W2-M",NA,"M"
"99","SAMPLE-110",609.81,103,"CH190103",10,"run2",NA,10,20,2019-06-17,"W3-T",NA,"T"
"100","SAMPLE-111",5918.77,104,"CH190104",20,"run2",NA,10,20,2019-06-17,"W3-M",NA,"M"
"101","AMPLE-112",837.99,105,"CH190105",10,"run2",NA,10,20,2019-06-17,"W4-T",NA,"T"
"102","SAMPLE-113",2160.32,106,"CH190106",20,"run2",NA,10,20,2019-06-17,"W4-M",NA,"M"
"103","SAMPLE-114",215.83,107,"CH190107",10,"run2",NA,10,20,2019-06-17,"W5-T",NA,"T"
"104","SAMPLE-115",2650.02,108,"CH190108",20,"run2",NA,10,20,2019-06-17,"W5-M",NA,"M"
"105","SAMPLE-116",598.98,109,"CH190109",10,"run2",NA,10,20,2019-06-17,"W6-T",NA,"T"
"106","SAMPLE-117",3365.4,110,"CH190110",20,"run2",NA,10,20,2019-06-17,"W6-M",NA,"M"
"107","SAMPLE-118",332.04,111,"CH190111",10,"run2",NA,10,20,2019-06-17,"W9-T",NA,"T"
"108","SAMPLE-119",3442.07,112,"CH190112",20,"run2",NA,10,20,2019-06-17,"W9-M",NA,"M"
"109","SAMPLE-120",1823.64,113,"CH190113",10,"run2",NA,10,20,2019-06-24,"W1-T",NA,"T"
"110","SAMPLE-121",5041.57,114,"CH190114",20,"run2",NA,10,20,2019-06-24,"W1-M",NA,"M"
"111","SAMPLE-122",377.5,115,"CH190115",10,"run2",NA,10,20,2019-06-24,"W2-T",NA,"T"
"112","SAMPLE-123",1835.64,116,"CH190116",20,"run2",NA,10,20,2019-06-24,"W2-M",NA,"M"
"113","SAMPLE-124",1005.42,117,"CH190117",10,"run2",NA,10,20,2019-06-24,"W3-T",NA,"T"
"114","SAMPLE-125",6974.29,118,"CH190118",20,"run2",NA,10,20,2019-06-24,"W3-M",NA,"M"
"115","AMPLE-126",1219.3,119,"CH190119",10,"run2",NA,10,20,2019-06-24,"W4-T",NA,"T"
"116","SAMPLE-127",2814.03,120,"CH190120",20,"run2",NA,10,20,2019-06-24,"W4-M",NA,"M"
"117","AMPLE-128",521.64,121,"CH190121",10,"run2",NA,10,20,2019-06-24,"W5-T",NA,"T"
"118","SAMPLE-129",3797.15,122,"CH190122",20,"run2",NA,10,20,2019-06-24,"W5-M",NA,"M"
"119","SAMPLE-130",512.5,123,"CH190123",10,"run2",NA,10,20,2019-06-24,"W6-T",NA,"T"
"120","SAMPLE-131",5926.96,124,"CH190124",20,"run2",NA,10,20,2019-06-24,"W6-M",NA,"M"
"121","SAMPLE-132",493.5,125,"CH190125",10,"run2",NA,10,20,2019-06-24,"W9-T",NA,"T"
"122","SAMPLE-133",4945.01,126,"CH190126",20,"run2",NA,10,20,2019-06-24,"W9-M",NA,"M"
"123","SAMPLE-134",1547.05,127,"CH190127",10,"run2",NA,10,20,2019-07-01,"W1-T",NA,"T"
"124","SAMPLE-135",6648.09,128,"CH190128",20,"run2",NA,10,20,2019-07-01,"W1-M",NA,"M"
"125","SAMPLE-136",309.85,129,"CH190129",10,"run2",NA,10,20,2019-07-01,"W2-T",NA,"T"
"126","SAMPLE-137",1741.82,130,"CH190130",20,"run2",NA,10,20,2019-07-01,"W2-M",NA,"M"
"127","SAMPLE-138",1523.9,131,"CH190131",10,"run2",NA,10,20,2019-07-01,"W3-T",NA,"T"
"128","SAMPLE-139",8441.93,132,"CH190132",20,"run2",NA,10,20,2019-07-01,"W3-M",NA,"M"
"129","SAMPLE-140",783.35,133,"CH190133",10,"run2",NA,10,20,2019-07-01,"W4-T",NA,"T"
"130","SAMPLE-141",2899.53,134,"CH190134",20,"run2",NA,10,20,2019-07-01,"W4-M",NA,"M"
"131","AMPLE-142",863.85,135,"CH190135",10,"run2",NA,10,20,2019-07-01,"W5-T",NA,"T"
"132","SAMPLE-143",3851.86,136,"CH190136",20,"run2",NA,10,20,2019-07-01,"W5-M",NA,"M"
"133","SAMPLE-169",1614.71,137,"CH190137",10,"run3",NA,10,20,2019-07-01,"W6-T",NA,"T"
"134","SAMPLE-170",7546.42,138,"CH190138",20,"run3",NA,10,20,2019-07-01,"W6-M",NA,"M"
"135","SAMPLE-171",1506.25,139,"CH190139",10,"run3",NA,10,20,2019-07-01,"W9-T",NA,"T"
"136","SAMPLE-172",4747.25,140,"CH190140",20,"run3",NA,10,20,2019-07-01,"W9-M",NA,"M"
"137","SAMPLE-173",1318.1,141,"CH190141",10,"run3",NA,10,20,2019-07-08,"W1-T",NA,"T"
"138","SAMPLE-174",5195.93,142,"CH190142",20,"run3",NA,10,20,2019-07-08,"W1-M",NA,"M"
"139","SAMPLE-175",305.23,143,"CH190143",10,"run3",NA,10,20,2019-07-08,"W2-T",NA,"T"
"140","SAMPLE-176",1814.39,144,"CH190144",20,"run3",NA,10,20,2019-07-08,"W2-M",NA,"M"
"141","SAMPLE-177",2029.1,145,"CH190145",10,"run3",NA,10,20,2019-07-08,"W3-T",NA,"T"
"142","SAMPLE-178",7658,146,"CH190146",20,"run3",NA,10,20,2019-07-08,"W3-M",NA,"M"
"143","SAMPLE-179",816.78,147,"CH190147",10,"run3",NA,10,20,2019-07-08,"W4-T",NA,"T"
"144","SAMPLE-180",3468.13,148,"CH190148",20,"run3",NA,10,20,2019-07-08,"W4-M",NA,"M"
"145","SAMPLE-181",565.41,149,"CH190149",10,"run3",NA,10,20,2019-07-08,"W5-T",NA,"T"
"146","SAMPLE-182",3733.17,150,"CH190150",20,"run3",NA,10,20,2019-07-08,"W5-M",NA,"M"
"147","SAMPLE-183",1905.91,151,"CH190151",10,"run3",NA,10,20,2019-07-08,"W6-T",NA,"T"
"148","SAMPLE-184",7918.58,152,"CH190152",20,"run3",NA,10,20,2019-07-08,"W6-M",NA,"M"
"149","SAMPLE-185",1680.64,153,"CH190153",10,"run3",NA,10,20,2019-07-08,"W9-T",NA,"T"
"150","SAMPLE-186",5207.53,154,"CH190154",20,"run3",NA,10,20,2019-07-08,"W9-M",NA,"M"
"151","SAMPLE-187",2482.23,155,"CH190155",10,"run3",NA,10,20,2019-07-15,"W1-T",NA,"T"
"152","SAMPLE-188",5747.41,156,"CH190156",20,"run3",NA,10,20,2019-07-15,"W1-M",NA,"M"
"153","SAMPLE-189",493.29,157,"CH190157",10,"run3",NA,10,20,2019-07-15,"W2-T",NA,"T"
"154","SAMPLE-190",2951.33,158,"CH190158",20,"run3",NA,10,20,2019-07-15,"W2-M",NA,"M"
"155","SAMPLE-191",2391.65,159,"CH190159",10,"run3",NA,10,20,2019-07-15,"W3-T",NA,"T"
"156","SAMPLE-192",6199.4,160,"CH190160",20,"run3",NA,10,20,2019-07-15,"W3-M",NA,"M"
"157","SAMPLE-193",896.63,161,"CH190161",10,"run3",NA,10,20,2019-07-15,"W4-T",NA,"T"
"158","SAMPLE-194",5042.89,162,"CH190162",20,"run3",NA,10,20,2019-07-15,"W4-M",NA,"M"
"159","SAMPLE-195",813.83,163,"CH190163",10,"run3",NA,10,20,2019-07-15,"W5-T",NA,"T"
"160","SAMPLE-196",3557.81,164,"CH190164",20,"run3",NA,10,20,2019-07-15,"W5-M",NA,"M"
"161","SAMPLE-197",1438.96,165,"CH190165",10,"run3",NA,10,20,2019-07-15,"W6-T",NA,"T"
"162","SAMPLE-198",6287.33,166,"CH190166",20,"run3",NA,10,20,2019-07-15,"W6-M",NA,"M"
"163","SAMPLE-199",3301.18,167,"CH190167",10,"run3",NA,10,20,2019-07-15,"W9-T",NA,"T"
"164","SAMPLE-200",8173.98,168,"CH190168",20,"run3",NA,10,20,2019-07-15,"W9-M",NA,"M"
"165","SAMPLE-201",2049.41,169,"CH190169",10,"run3",NA,10,20,2019-07-22,"W1-T",NA,"T"
"166","SAMPLE-202",4901.6,170,"CH190170",20,"run3",NA,10,20,2019-07-22,"W1-M",NA,"M"
"167","SAMPLE-203",506.77,171,"CH190171",10,"run3",NA,10,20,2019-07-22,"W2-T",NA,"T"
"168","SAMPLE-204",2199.58,172,"CH190172",20,"run3",NA,10,20,2019-07-22,"W2-M",NA,"M"
"169","SAMPLE-205",2246.05,173,"CH190173",10,"run3",NA,10,20,2019-07-22,"W3-T",NA,"T"
"170","SAMPLE-206",7415.29,174,"CH190174",20,"run3",NA,10,20,2019-07-22,"W3-M",NA,"M"
"171","SAMPLE-207",462.04,175,"CH190175",10,"run3",NA,10,20,2019-07-22,"W4-T",NA,"T"
"172","SAMPLE-208",4870.29,176,"CH190176",20,"run3",NA,10,20,2019-07-22,"W4-M",NA,"M"
"173","SAMPLE-209",263.94,177,"CH190177",10,"run3",NA,10,20,2019-07-22,"W5-T",NA,"T"
"174","SAMPLE-210",3043.22,178,"CH190178",20,"run3",NA,10,20,2019-07-22,"W5-M",NA,"M"
"175","SAMPLE-211",854.34,179,"CH190179",10,"run3",NA,10,20,2019-07-22,"W6-T",NA,"T"
"176","SAMPLE-212",4474.4,180,"CH190180",20,"run3",NA,10,20,2019-07-22,"W6-M",NA,"M"
"177","SAMPLE-213",2093.96,181,"CH190181",10,"run3",NA,10,20,2019-07-22,"W9-T",NA,"T"
"178","SAMPLE-214",8478.97,182,"CH190182",20,"run3",NA,10,20,2019-07-22,"W9-M",NA,"M"
"179","SAMPLE-215",742.32,183,"CH190183",10,"run3",NA,10,20,2019-07-29,"W1-T",NA,"T"
"180","SAMPLE-216",4265.4,184,"CH190184",20,"run3",NA,10,20,2019-07-29,"W1-M",NA,"M"
"181","SAMPLE-217",360.45,185,"CH190185",10,"run3",NA,10,20,2019-07-29,"W2-T",NA,"T"
"182","SAMPLE-218",2202.09,186,"CH190186",20,"run3",NA,10,20,2019-07-29,"W2-M",NA,"M"
"183","AMPLE-219",1792.85,187,"CH190187",10,"run3",NA,10,20,2019-07-29,"W3-T",NA,"T"
"184","SAMPLE-220",6972.64,188,"CH190188",20,"run3",NA,10,20,2019-07-29,"W3-M",NA,"M"
"185","SAMPLE-221",574.42,189,"CH190189",10,"run3",NA,10,20,2019-07-29,"W4-T",NA,"T"
"186","AMPLE-222",4653.3,190,"CH190190",20,"run3",NA,10,20,2019-07-29,"W4-M",NA,"M"
"187","SAMPLE-223",656.44,191,"CH190191",10,"run3",NA,10,20,2019-07-29,"W5-T",NA,"T"
"188","SAMPLE-224",2986.49,192,"CH190192",20,"run3",NA,10,20,2019-07-29,"W5-M",NA,"M"
"189","SAMPLE-225",911.74,193,"CH190193",10,"run3",NA,10,20,2019-07-29,"W6-T",NA,"T"
"190","SAMPLE-226",4991.35,194,"CH190194",20,"run3",NA,10,20,2019-07-29,"W6-M",NA,"M"
"191","SAMPLE-227",1934.93,195,"CH190195",10,"run3",NA,10,20,2019-07-29,"W9-T",NA,"T"
"192","SAMPLE-228",8709.19,196,"CH190196",20,"run3",NA,10,20,2019-07-29,"W9-M",NA,"M"
"193","SAMPLE-229",1279.11,197,"CH190197",10,"run3",NA,10,20,2019-08-05,"W1-T",NA,"T"
"194","SAMPLE-230",4059.59,198,"CH190198",20,"run3",NA,10,20,2019-08-05,"W1-M",NA,"M"
"195","SAMPLE-231",510.62,199,"CH190199",10,"run3",NA,10,20,2019-08-05,"W2-T",NA,"T"
"196","SAMPLE-232",2428.67,200,"CH190200",20,"run3",NA,10,20,2019-08-05,"W2-M",NA,"M"
"197","SAMPLE-233",1657.87,201,"CH190201",10,"run3",NA,10,20,2019-08-05,"W3-T",NA,"T"
"198","SAMPLE-234",5690.76,202,"CH190202",20,"run3",NA,10,20,2019-08-05,"W3-M",NA,"M"
"199","SAMPLE-235",504.57,203,"CH190203",10,"run3",NA,10,20,2019-08-05,"W4-T",NA,"T"
"200","SAMPLE-236",4697.2,204,"CH190204",20,"run3",NA,10,20,2019-08-05,"W4-M",NA,"M"
"201","SAMPLE-271",1299.74,205,"CH190205",10,"run4",NA,10,25,2019-08-05,"W5-T",NA,"T"
"202","AMPLE-272",3055.09,206,"CH190206",25,"run4",NA,10,25,2019-08-05,"W5-M",NA,"M"
"203","SAMPLE-273",1168.45,207,"CH190207",10,"run4",NA,10,25,2019-08-05,"W6-T",NA,"T"
"204","SAMPLE-274",4776.67,208,"CH190208",25,"run4",NA,10,25,2019-08-05,"W6-M",NA,"M"
"205","SAMPLE-275",1437.05,209,"CH190209",10,"run4",NA,10,25,2019-08-05,"W9-T",NA,"T"
"206","SAMPLE-276",7141.99,210,"CH190210",25,"run4",NA,10,25,2019-08-05,"W9-M",NA,"M"
"207","SAMPLE-277",1695.02,211,"CH190211",10,"run4",NA,10,25,2019-08-12,"W1-T",NA,"T"
"208","SAMPLE-278",4563.3,212,"CH190212",25,"run4",NA,10,25,2019-08-12,"W1-M",NA,"M"
"209","SAMPLE-279",599.12,213,"CH190213",10,"run4",NA,10,25,2019-08-12,"W2-T",NA,"T"
"210","SAMPLE-280",2089.6,214,"CH190214",25,"run4",NA,10,25,2019-08-12,"W2-M",NA,"M"
"211","SAMPLE-281",1732.97,215,"CH190215",10,"run4",NA,10,25,2019-08-12,"W3-T",NA,"T"
"212","SAMPLE-282",5817.78,216,"CH190216",25,"run4",NA,10,25,2019-08-12,"W3-M",NA,"M"
"213","SAMPLE-283",546.85,217,"CH190217",10,"run4",NA,10,25,2019-08-12,"W4-T",NA,"T"
"214","SAMPLE-284",3543.56,218,"CH190218",25,"run4",NA,10,25,2019-08-12,"W4-M",NA,"M"
"215","SAMPLE-285",1616.75,219,"CH190219",10,"run4",NA,10,25,2019-08-12,"W5-T",NA,"T"
"216","SAMPLE-286",3835.99,220,"CH190220",25,"run4",NA,10,25,2019-08-12,"W5-M",NA,"M"
"217","SAMPLE-287",1904.66,221,"CH190221",10,"run4",NA,10,25,2019-08-12,"W6-T",NA,"T"
"218","SAMPLE-288",6328.48,222,"CH190222",25,"run4",NA,10,25,2019-08-12,"W6-M",NA,"M"
"219","SAMPLE-289",1441.71,223,"CH190223",10,"run4",NA,10,25,2019-08-12,"W9-T",NA,"T"
"220","SAMPLE-290",8283.76,224,"CH190224",25,"run4",NA,10,25,2019-08-12,"W9-M",NA,"M"
"221","SAMPLE-291",1918.81,225,"CH190225",10,"run4",NA,10,25,2019-08-19,"W1-T",NA,"T"
"222","SAMPLE-292",4202.89,226,"CH190226",25,"run4",NA,10,25,2019-08-19,"W1-M",NA,"M"
"223","SAMPLE-293",838,227,"CH190227",10,"run4",NA,10,25,2019-08-19,"W2-T",NA,"T"
"224","SAMPLE-294",1835.27,228,"CH190228",25,"run4",NA,10,25,2019-08-19,"W2-M",NA,"M"
"225","SAMPLE-295",1950.34,229,"CH190229",10,"run4",NA,10,25,2019-08-19,"W3-T",NA,"T"
"226","SAMPLE-296",4543.9,230,"CH190230",25,"run4",NA,10,25,2019-08-19,"W3-M",NA,"M"
"227","SAMPLE-297",596.21,231,"CH190231",10,"run4",NA,10,25,2019-08-19,"W4-T",NA,"T"
"228","SAMPLE-298",3241.12,232,"CH190232",25,"run4",NA,10,25,2019-08-19,"W4-M",NA,"M"
"229","SAMPLE-299",1307.99,233,"CH190233",10,"run4",NA,10,25,2019-08-19,"W5-T",NA,"T"
"230","SAMPLE-300",4496.72,234,"CH190234",25,"run4",NA,10,25,2019-08-19,"W5-M",NA,"M"
"231","SAMPLE-301",1583.92,235,"CH190235",10,"run4",NA,10,25,2019-08-19,"W6-T",NA,"T"
"232","SAMPLE-302",5907.94,236,"CH190236",25,"run4",NA,10,25,2019-08-19,"W6-M",NA,"M"
"233","SAMPLE-303",1649.07,237,"CH190237",10,"run4",NA,10,25,2019-08-19,"W9-T",NA,"T"
"234","SAMPLE-304",7662.6,238,"CH190238",25,"run4",NA,10,25,2019-08-19,"W9-M",NA,"M"
"235","SAMPLE-305",1614.39,239,"CH190239",10,"run4",NA,10,25,2019-08-26,"W1-T",NA,"T"
"236","SAMPLE-306",5040.99,240,"CH190240",25,"run4",NA,10,25,2019-08-26,"W1-M",NA,"M"
"237","SAMPLE-307",1089.63,241,"CH190241",10,"run4",NA,10,25,2019-08-26,"W2-T",NA,"T"
"238","SAMPLE-308",3048.01,242,"CH190242",25,"run4",NA,10,25,2019-08-26,"W2-M",NA,"M"
"239","SAMPLE-309",2564.99,243,"CH190243",10,"run4",NA,10,25,2019-08-26,"W3-T",NA,"T"
"240","SAMPLE-310",6116.67,244,"CH190244",25,"run4",NA,10,25,2019-08-26,"W3-M",NA,"M"
"241","SAMPLE-311",815.29,245,"CH190245",10,"run4",NA,10,25,2019-08-26,"W4-T",NA,"T"
"242","SAMPLE-312",3860.12,246,"CH190246",25,"run4",NA,10,25,2019-08-26,"W4-M",NA,"M"
"243","SAMPLE-313",2237.83,247,"CH190247",10,"run4",NA,10,25,2019-08-26,"W5-T",NA,"T"
"244","SAMPLE-314",3998.44,248,"CH190248",25,"run4",NA,10,25,2019-08-26,"W5-M",NA,"M"
"245","SAMPLE-315",2158.69,249,"CH190249",10,"run4",NA,10,25,2019-08-26,"W6-T",NA,"T"
"246","SAMPLE-316",6962.89,250,"CH190250",25,"run4",NA,10,25,2019-08-26,"W6-M",NA,"M"
"247","SAMPLE-317",2442.61,251,"CH190251",10,"run4",NA,10,25,2019-08-26,"W9-T",NA,"T"
"248","SAMPLE-318",7162.32,252,"CH190252",25,"run4",NA,10,25,2019-08-26,"W9-M",NA,"M"
"249","SAMPLE-319",2348.25,253,"CH190253",10,"run4",NA,10,25,2019-09-03,"W1-T",NA,"T"
"250","SAMPLE-320",5139.88,254,"CH190254",25,"run4",NA,10,25,2019-09-03,"W1-M",NA,"M"
"251","SAMPLE-321",1373.98,255,"CH190255",10,"run4",NA,10,25,2019-09-03,"W2-T",NA,"T"
"252","SAMPLE-322",2692.88,256,"CH190256",25,"run4",NA,10,25,2019-09-03,"W2-M",NA,"M"
"253","SAMPLE-323",3464.04,257,"CH190257",10,"run4",NA,10,25,2019-09-03,"W3-T",NA,"T"
"254","SAMPLE-324",5174.13,258,"CH190258",25,"run4",NA,10,25,2019-09-03,"W3-M",NA,"M"
"255","SAMPLE-325",1789.86,259,"CH190259",10,"run4",NA,10,25,2019-09-03,"W4-T",NA,"T"
"256","SAMPLE-326",3681.58,260,"CH190260",25,"run4",NA,10,25,2019-09-03,"W4-M",NA,"M"
"257","SAMPLE-327",3384.12,261,"CH190261",10,"run4",NA,10,25,2019-09-03,"W5-T",NA,"T"
"258","SAMPLE-328",5154.46,262,"CH190262",25,"run4",NA,10,25,2019-09-03,"W5-M",NA,"M"
"259","SAMPLE-329",3033.8,263,"CH190263",10,"run4",NA,10,25,2019-09-03,"W6-T",NA,"T"
"260","SAMPLE-330",7540.05,264,"CH190264",25,"run4",NA,10,25,2019-09-03,"W6-M",NA,"M"
"261","SAMPLE-331",2099.52,265,"CH190265",10,"run4",NA,10,25,2019-09-03,"W9-T",NA,"T"
"262","SAMPLE-332",7542.57,266,"CH190266",25,"run4",NA,10,25,2019-09-03,"W9-M",NA,"M"
"263","SAMPLE-333",3153.23,267,"CH190267",10,"run4",NA,10,25,2019-09-09,"W1-T",NA,"T"
"264","SAMPLE-334",5469.6,268,"CH190268",25,"run4",NA,10,25,2019-09-09,"W1-M",NA,"M"
"265","SAMPLE-335",936.05,269,"CH190269",10,"run4",NA,10,25,2019-09-09,"W2-T",NA,"T"
"266","SAMPLE-336",2475.17,270,"CH190270",25,"run4",NA,10,25,2019-09-09,"W2-M",NA,"M"
"267","SAMPLE-337",1751.17,271,"CH190271",10,"run4",NA,10,25,2019-09-09,"W3-T",NA,"T"
"268","SAMPLE-338",3693.44,272,"CH190272",25,"run4",NA,10,25,2019-09-09,"W3-M",NA,"M"
"269","SAMPLE-339",2091.63,273,"CH190273",10,"run4",NA,10,25,2019-09-09,"W4-T",NA,"T"
"270","SAMPLE-340",4147.81,274,"CH190274",25,"run4",NA,10,25,2019-09-09,"W4-M",NA,"M"
"271","SAMPLE-341",2810.55,275,"CH190275",10,"run4",NA,10,25,2019-09-09,"W5-T",NA,"T"
"272","SAMPLE-342",4913.47,276,"CH190276",25,"run4",NA,10,25,2019-09-09,"W5-M",NA,"M"
"273","SAMPLE-343",1310.5,277,"CH190277",10,"run4","missing moss (278), lugals sample for tile; was CH190277L",10,25,2019-09-09,"W6-T",NA,"T"
"274","SAMPLE-344",1194.02,278,"CH190278",25,"run4",NA,10,25,2019-09-09,"W6-M",NA,"M"
"275","SAMPLE-345",1416.25,279,"CH190279",10,"run4",NA,10,25,2019-09-09,"W9-T",NA,"T"
"276","SAMPLE-346",6366.67,280,"CH190280",25,"run4",NA,10,25,2019-09-09,"W9-M",NA,"M"
"277","SAMPLE-347",2922.25,281,"CH190281",10,"run4",NA,10,25,2019-09-16,"W1-T",NA,"T"
"278","SAMPLE-348",5867.67,282,"CH190282",25,"run4",NA,10,25,2019-09-16,"W1-M",NA,"M"
"279","SAMPLE-349",916.03,283,"CH190283",10,"run4",NA,10,25,2019-09-16,"W2-T",NA,"T"
"280","SAMPLE-350",2494.59,284,"CH190284",25,"run4",NA,10,25,2019-09-16,"W2-M",NA,"M"
"281","SAMPLE-351",2373.52,285,"CH190285",10,"run4",NA,10,25,2019-09-16,"W3-T",NA,"T"
"282","SAMPLE-352",3391.47,286,"CH190286",25,"run4",NA,10,25,2019-09-16,"W3-M",NA,"M"
"283","SAMPLE-353",1723.57,287,"CH190287",10,"run4",NA,10,25,2019-09-16,"W4-T",NA,"T"
"284","SAMPLE-354",4016.35,288,"CH190288",25,"run4",NA,10,25,2019-09-16,"W4-M",NA,"M"
"285","SAMPLE-355",2585.13,289,"CH190289",10,"run4",NA,10,25,2019-09-16,"W5-T",NA,"T"
"286","SAMPLE-356",4816.85,290,"CH190290",25,"run4",NA,10,25,2019-09-16,"W5-M",NA,"M"
"287","AMPLE-357",1882.58,291,"CH190291",10,"run4",NA,10,25,2019-09-16,"W6-T",NA,"T"
"288","SAMPLE-358",5897.49,292,"CH190292",25,"run4",NA,10,25,2019-09-16,"W6-M",NA,"M"
"289","SAMPLE-359",1445.38,293,"CH190293",10,"run4",NA,10,25,2019-09-16,"W9-T",NA,"T"
"290","SAMPLE-360",6573.89,294,"CH190294",25,"run4",NA,10,25,2019-09-16,"W9-M",NA,"M"
"291","SAMPLE-361",3703.26,295,"CH190295",10,"run4",NA,10,25,2019-09-23,"W1-T",NA,"T"
"292","SAMPLE-362",5691.98,296,"CH190296",25,"run4",NA,10,25,2019-09-23,"W1-M",NA,"M"
"293","SAMPLE-363",1199.81,297,"CH190297",10,"run4",NA,10,25,2019-09-23,"W2-T",NA,"T"
"294","SAMPLE-364",2539.12,298,"CH190298",25,"run4",NA,10,25,2019-09-23,"W2-M",NA,"M"
"295","SAMPLE-365",3311.59,299,"CH190299",10,"run4",NA,10,25,2019-09-23,"W3-T",NA,"T"
"296","SAMPLE-366",5891.41,300,"CH190300",25,"run4",NA,10,25,2019-09-23,"W3-M",NA,"M"
"297","SAMPLE-001",1827.96,301,"CH190301",10,"run5",NA,10,25,2019-09-23,"W4-T",NA,"T"
"298","SAMPLE-002",4791.34,302,"CH190302",25,"run5",NA,10,25,2019-09-23,"W4-M",NA,"M"
"299","SAMPLE-003",2218.31,303,"CH190303",10,"run5",NA,10,25,2019-09-23,"W5-T",NA,"T"
"300","SAMPLE-004",5110.35,304,"CH190304",25,"run5",NA,10,25,2019-09-23,"W5-M",NA,"M"
"301","SAMPLE-005",3088.37,305,"CH190305",10,"run5",NA,10,25,2019-09-23,"W6-T",NA,"T"
"302","SAMPLE-006",5997.65,306,"CH190306",25,"run5",NA,10,25,2019-09-23,"W6-M",NA,"M"
"303","SAMPLE-007",1854.06,307,"CH190307",10,"run5",NA,10,25,2019-09-23,"W9-T",NA,"T"
"304","SAMPLE-008",5954.89,308,"CH190308",25,"run5",NA,10,25,2019-09-23,"W9-M",NA,"M"
"305","SAMPLE-009",2738.54,309,"CH190309",10,"run5",NA,10,25,2019-09-30,"W1-T",NA,"T"
"306","SAMPLE-010",5381.86,310,"CH190310",25,"run5",NA,10,25,2019-09-30,"W1-M",NA,"M"
"307","SAMPLE-011",993.94,311,"CH190311",10,"run5",NA,10,25,2019-09-30,"W2-T",NA,"T"
"308","SAMPLE-012",2282.02,312,"CH190312",25,"run5",NA,10,25,2019-09-30,"W2-M",NA,"M"
"309","SAMPLE-013",3676.02,313,"CH190313",10,"run5",NA,10,25,2019-09-30,"W3-T",NA,"T"
"310","SAMPLE-014",4516.31,314,"CH190314",25,"run5",NA,10,25,2019-09-30,"W3-M",NA,"M"
"311","SAMPLE-015",2142.66,315,"CH190315",10,"run5",NA,10,25,2019-09-30,"W4-T",NA,"T"
"312","AMPLE-016",4721.64,316,"CH190316",25,"run5",NA,10,25,2019-09-30,"W4-M",NA,"M"
"313","SAMPLE-017",2652.72,317,"CH190317",10,"run5",NA,10,25,2019-09-30,"W5-T",NA,"T"
"314","SAMPLE-018",4817.57,318,"CH190318",25,"run5",NA,10,25,2019-09-30,"W5-M",NA,"M"
"315","SAMPLE-019",2944.37,319,"CH190319",10,"run5",NA,10,25,2019-09-30,"W6-T",NA,"T"
"316","SAMPLE-020",4875.16,320,"CH190320",25,"run5",NA,10,25,2019-09-30,"W6-M",NA,"M"
"317","SAMPLE-021",1789.28,321,"CH190321",10,"run5",NA,10,25,2019-09-30,"W9-T",NA,"T"
"318","SAMPLE-022",6370.88,322,"CH190322",25,"run5",NA,10,25,2019-09-30,"W9-M",NA,"M"
"319","SAMPLE-023",1904.18,323,"CH190323",10,"run5",NA,10,25,2019-10-07,"W1-T",NA,"T"
"320","SAMPLE-024",5640.93,324,"CH190324",25,"run5",NA,10,25,2019-10-07,"W1-M",NA,"M"
"321","SAMPLE-025",782.28,325,"CH190325",10,"run5",NA,10,25,2019-10-07,"W2-T",NA,"T"
"322","SAMPLE-026",2134.29,326,"CH190326",25,"run5",NA,10,25,2019-10-07,"W2-M",NA,"M"
"323","SAMPLE-027",3199.39,327,"CH190327",10,"run5",NA,10,25,2019-10-07,"W3-T",NA,"T"
"324","SAMPLE-028",4311.91,328,"CH190328",25,"run5",NA,10,25,2019-10-07,"W3-M",NA,"M"
"325","SAMPLE-029",1795.42,329,"CH190329",10,"run5",NA,10,25,2019-10-07,"W4-T",NA,"T"
"326","SAMPLE-030",6516.71,330,"CH190330",25,"run5",NA,10,25,2019-10-07,"W4-M",NA,"M"
"327","SAMPLE-031",2357.93,331,"CH190331",10,"run5",NA,10,25,2019-10-07,"W5-T",NA,"T"
"328","SAMPLE-032",4854.7,332,"CH190332",25,"run5",NA,10,25,2019-10-07,"W5-M",NA,"M"
"329","SAMPLE-033",2151.09,333,"CH190333",10,"run5",NA,10,25,2019-10-07,"W6-T",NA,"T"
"330","SAMPLE-034",5124.98,334,"CH190334",25,"run5",NA,10,25,2019-10-07,"W6-M",NA,"M"
"331","SAMPLE-035",1522.61,335,"CH190335",10,"run5",NA,10,25,2019-10-07,"W9-T",NA,"T"
"332","SAMPLE-036",6314.78,336,"CH190336",25,"run5",NA,10,25,2019-10-07,"W9-M",NA,"M"
"333","SAMPLE-037",1772.66,337,"CH190337",10,"run5",NA,10,25,2019-10-15,"W1-T",NA,"T"
"334","SAMPLE-038",4994,338,"CH190338",25,"run5",NA,10,25,2019-10-15,"W1-M",NA,"M"
"335","SAMPLE-039",1042.96,339,"CH190339",10,"run5",NA,10,25,2019-10-15,"W2-T",NA,"T"
"336","SAMPLE-040",1863.28,340,"CH190340",25,"run5",NA,10,25,2019-10-15,"W2-M",NA,"M"
"337","SAMPLE-041",3806.29,341,"CH190341",10,"run5",NA,10,25,2019-10-15,"W3-T",NA,"T"
"338","SAMPLE-042",4188.52,342,"CH190342",25,"run5",NA,10,25,2019-10-15,"W3-M",NA,"M"
"339","SAMPLE-043",5095.27,343,"CH190343",10,"run5","filamentous algae",10,25,2019-10-15,"W4-T",NA,"T"
"340","SAMPLE-044",4329,344,"CH190344",25,"run5",NA,10,25,2019-10-15,"W4-M",NA,"M"
"341","SAMPLE-045",1971.82,345,"CH190345",10,"run5",NA,10,25,2019-10-15,"W5-T",NA,"T"
"342","SAMPLE-046",4611.73,346,"CH190346",25,"run5",NA,10,25,2019-10-15,"W5-M",NA,"M"
"343","SAMPLE-047",2415.38,347,"CH190347",10,"run5",NA,10,25,2019-10-15,"W6-T",NA,"T"
"344","SAMPLE-048",5391.81,348,"CH190348",25,"run5",NA,10,25,2019-10-15,"W6-M",NA,"M"
"345","SAMPLE-049",1807.39,349,"CH190349",10,"run5",NA,10,25,2019-10-15,"W9-T",NA,"T"
"346","SAMPLE-050",6577.58,350,"CH190350",25,"run5",NA,10,25,2019-10-15,"W9-M",NA,"M"
"347","SAMPLE-051",2367.95,351,"CH190351",10,"run5",NA,10,25,2019-10-21,"W1-T",NA,"T"
"348","SAMPLE-052",5535.98,352,"CH190352",25,"run5",NA,10,25,2019-10-21,"W1-M",NA,"M"
"349","SAMPLE-053",942.71,353,"CH190353",10,"run5",NA,10,25,2019-10-21,"W2-T",NA,"T"
"350","SAMPLE-054",2335.02,354,"CH190354",25,"run5",NA,10,25,2019-10-21,"W2-M",NA,"M"
"351","SAMPLE-055",3220.1,355,"CH190355",10,"run5",NA,10,25,2019-10-21,"W3-T",NA,"T"
"352","SAMPLE-056",3834.46,356,"CH190356",25,"run5",NA,10,25,2019-10-21,"W3-M",NA,"M"
"353","SAMPLE-057",1686.88,357,"CH190357",10,"run5",NA,10,25,2019-10-21,"W4-T",NA,"T"
"354","SAMPLE-058",2855,358,"CH190358",25,"run5",NA,10,25,2019-10-21,"W4-M",NA,"M"
"355","SAMPLE-059",2001.67,359,"CH190359",10,"run5",NA,10,25,2019-10-21,"W5-T",NA,"T"
"356","SAMPLE-060",4677.18,360,"CH190360",25,"run5",NA,10,25,2019-10-21,"W5-M",NA,"M"
"357","SAMPLE-061",2025.84,361,"CH190361",10,"run5",NA,10,25,2019-10-21,"W6-T",NA,"T"
"358","SAMPLE-062",5263.01,362,"CH190362",25,"run5",NA,10,25,2019-10-21,"W6-M",NA,"M"
"359","SAMPLE-063",2015.17,363,"CH190363",10,"run5",NA,10,25,2019-10-21,"W9-T",NA,"T"
"360","SAMPLE-064",6314.06,364,"CH190364",25,"run5",NA,10,25,2019-10-21,"W9-M",NA,"M"
"361","SAMPLE-065",1753.89,365,"CH190365",10,"run5",NA,10,25,2019-10-28,"W1-T",NA,"T"
"362","SAMPLE-066",5017.13,366,"CH190366",25,"run5",NA,10,25,2019-10-28,"W1-M",NA,"M"
"363","SAMPLE-067",1094.03,367,"CH190367",10,"run5",NA,10,25,2019-10-28,"W2-T",NA,"T"
"364","SAMPLE-068",2231.49,368,"CH190368",25,"run5",NA,10,25,2019-10-28,"W2-M",NA,"M"
"365","SAMPLE-069",2508.65,369,"CH190369",10,"run5",NA,10,25,2019-10-28,"W3-T",NA,"T"
"366","SAMPLE-070",6606.77,370,"CH190370",25,"run5",NA,10,25,2019-10-28,"W3-M",NA,"M"
"367","SAMPLE-071",2537.55,371,"CH190371",10,"run5",NA,10,25,2019-10-28,"W4-T",NA,"T"
"368","SAMPLE-072",4936.38,372,"CH190372",25,"run5",NA,10,25,2019-10-28,"W4-M",NA,"M"
"369","SAMPLE-073",2069.38,373,"CH190373",10,"run5",NA,10,25,2019-10-28,"W5-T",NA,"T"
"370","SAMPLE-074",4560.06,374,"CH190374",25,"run5",NA,10,25,2019-10-28,"W5-M",NA,"M"
"371","SAMPLE-075",1614.56,375,"CH190375",10,"run5",NA,10,25,2019-10-28,"W6-T",NA,"T"
"372","SAMPLE-076",4779.27,376,"CH190376",25,"run5",NA,10,25,2019-10-28,"W6-M",NA,"M"
"373","SAMPLE-077",2360.57,377,"CH190377",10,"run5",NA,10,25,2019-10-28,"W9-T",NA,"T"
"374","SAMPLE-078",6451.53,378,"CH190378",25,"run5",NA,10,25,2019-10-28,"W9-M",NA,"M"
"375","SAMPLE-001",1661.03,379,"CH190379",10,"run6",NA,10,20,2019-11-04,"W1-T",NA,"T"
"376","SAMPLE-002",5042.81,380,"CH190380",20,"run6",NA,10,20,2019-11-04,"W1-M",NA,"M"
"377","SAMPLE-003",936.68,381,"CH190381",10,"run6",NA,10,20,2019-11-04,"W2-T",NA,"T"
"378","SAMPLE-004",2646.9,382,"CH190382",20,"run6",NA,10,20,2019-11-04,"W2-M",NA,"M"
"379","SAMPLE-005",1577.07,383,"CH190383",10,"run6",NA,10,20,2019-11-04,"W3-T",NA,"T"
"380","SAMPLE-006",2291.28,384,"CH190384",20,"run6",NA,10,20,2019-11-04,"W3-M",NA,"M"
"381","SAMPLE-007",2116.72,385,"CH190385",10,"run6",NA,10,20,2019-11-04,"W4-T",NA,"T"
"382","SAMPLE-008",4708.54,386,"CH190386",20,"run6",NA,10,20,2019-11-04,"W4-M",NA,"M"
"383","SAMPLE-009",1334.04,387,"CH190387",10,"run6",NA,10,20,2019-11-04,"W5-T",NA,"T"
"384","SAMPLE-010",4058.11,388,"CH190388",20,"run6",NA,10,20,2019-11-04,"W5-M",NA,"M"
"385","SAMPLE-011",821.12,389,"CH190389",10,"run6",NA,10,20,2019-11-04,"W6-T",NA,"T"
"386","SAMPLE-012",5101.45,390,"CH190390",20,"run6",NA,10,20,2019-11-04,"W6-M",NA,"M"
"387","SAMPLE-013",1650.11,391,"CH190391",10,"run6",NA,10,20,2019-11-04,"W9-T",NA,"T"
"388","SAMPLE-014",6775.96,392,"CH190392",20,"run6",NA,10,20,2019-11-04,"W9-M",NA,"M"
